ID,,Name,Location,Cat ,Web
393,D-,Asparagine,Chemical drawer 663,A0334-25G,sigmaaldrich.com
394,N-(1-Naphthyl),Ethylenediamine dihydrochloride,Chemical drawer 663,222488-10G,sigmaaldrich.com
395,,Acesulfame potassium,Chemical drawer 663,A2815,spectrumchemical.com
396,,Acetone,607T Fume hood,1.00014.2500,emdmillipore.com
397,,Acetylneuraminic acid hydrate,Back -20 663,A0639,tcichemicals.com
398,,Acid-hydrolyzed casein ,Chemical cabinet 663,228820,bdbiosciences.com
399,,Activated charcoal,Large chemical cabinet 663,1615511KG,sigmaaldrich.com
400,,Adenine sulfate,Chemical drawer 663,163630250,fishersci.com
401,,Agar bacteria grade,Chemcial cabinet 663,443572500,fishersci.com
402,,Agar noble,Chemical cabinet 663,214220,bdbiosciences.com
403,,Agarose low melt,Chemical cabinet and drawer 663,BP160-500,fishersci.com
404,,Agarose ,Chemical cabinet 663 ,N605-500G,fishersci.com
405,D-,D alanine,Chemical drawer 663,A7077-25G,sigmaaldrich.com
406,L-,L alanine,Chemical cabinet and drawer and fume hood 663,102835000,fishersci.com
407,,Albumin from chicken egg white,Fridge 663,A550-1G,sigmaaldrich.com
408,,Amberlite IRA-67,Chemical cabinet 663,42253,alfa.com
409,4-,Aminobenzoic acid,Chemical drawer Fume hood and fridge 663,A12673,alfa.com
410,DL-α-,Aminocaprylic acid,Chemical drawer 663,203220050,fishersci.com
411,(S)-(-)-α,Amino-gamma-butrolacetone HCL,Chemical drawer 663,119063,sigmgaaldrich.com
412,4-,Aminophenylmercuric acetate,Chemical drawer 663,A9563-5G,sigmaaldrich.com
413,,Ammonium 15 N 2 sulfate,Chemical drawer 663,299286-10G,sigmaaldrich.com
414,,Ammonium carbonate,Chemical cabinet 663,A9516-500G,sigmaaldrich.com
415,,Ammonium chloride,Chemical cabinet 663,0660-01,avantornic.com
416,,Ammonium citrate dibasic,Chemical drawer 663,24751-100G,sigmaaldrich.com
417,,Ammonium citrate tribasic,Chemical drawer 663,A16973,alfa.com
418,,Ammonium persulfate,Chemical drawer 663,A3678-25G,sigmaaldrich.com
419,,Ammonium sulfate,Chemical cabinet and fume hood 663,A4418-100G,sigmaaldrich.com
420,,Ampicillin,Fridge 663,BP1760-25,fishersci.com
421,,Ampicillin sodium salt,Fridge 663,A0166-5G,sigmaaldrich.com
422,,Ampramycin sulfate salt,Fridge 663,A2024-5G,sigmaaldrich.com
423,(+),Arabinogalactan,Large chemical cabinet and fume hood 663,W325406-1K,sigmaaldrich.com
424,L-(+),Arabinose,Chemical drawer 663,A3256-25G,sigmaaldrich.com
425,L-,Arginine,Chemical drawer and fume hood 663,104991000,fishersci.com
426,L-,Arginine hydroxamate HCl,Side -20 663E,A7380-100MG,sigmaaldrich.com
427,L-,Ascorbic acid,Chemical drawer 663,36237,alfa.com
428,,Asolectin from soybean,Fidge 663,11145-50G,sigmaaldrich.com
429,L-,Asparagine,Chemical drawer and fume hood 663,A4159-25G,sigmaaldrich.com
430,,Aspartame,Chemical cabinet 663,A1377,spectrumchemical.com
431,L-,Aspartic acid,Chemical drawer and fume hood 663,105041000,fishersci.com
432,,Axtreonam,Fridge 663,A6848-50MG,sigmaaldrich.com
433,,Azide blood agar base,Chemical cabinet 663,CM0259,thermofisher.com
434,,Bacto agar,Chemical cabinet 663 and Annie's Bench 607,72717280,bdbiosciences.com
435,,Beef exract powder,Chemical cabinet 663,212303,bdbiosciences.com
436,,Betaine,Chemical drawer 663,204241000,fishersci.com
437,,Bicine,Chemical drawer 663,A14957,alfa.com
438,,Bile bovine,chemical cabinet and fume hood 663,B3883-500G,sigmaaldrich.com
439,,Bile bovine and ovine,Chemical cabinet 663,B8381-100G,sigmaaldrich.com
440,,Bile extract porcine,Chemical cabinet 663,B8631-100G,sigmaaldrich.com
441,,Biotin,Chemical drawer and fridge 663,B4501-1G,sigmaaldrich.com
442,,Bis tris,Chemical cabinet 663,B4429-100G,sigmaaldrich.com
443,,Boric acid,Chemical cabinet 663,0084-01,avantornic.com
444,,Brain heart infusion broth,Chemical cabinet and fume hood 663 and Annie's bench 607,211059,bdbiosciences.com
445,,Brilliant blue (Coomasie),Chemical drawer 663,B-0770,sigmaaldrich.com
446,,Bromocresol purple,Chemical drawer 663,A19350,alfa.com
447,,Bromophenol blue sodium salt,Chemical drawer 663,15022,mpbio.com
448,,Bromothymol blue,Chemical drawer 663,B0687,tcichemicals.com
449,5-,Bromouracil,Chemical drawer 663,852473-5G,sigmaaldrich.com
450,,Brucella broth,Annie's bench 607,211088,bdbiosciences.com
451,,Brucella medium broth,Chemical cabinet 663,CM0169,thermofisher.com
452,N-tert-,Butyldimethylsilyl N methyltrifluoroacetamide,Fridge 663,19918,sigmaaldrich.com
453,,Calcein,Chemical cabinet 663,C0815-5G,sigmaaldrich.com
454,,Calcium chloride dihydrate,Chemical cabinet  and fume hood 663,BP510-500,fishersci.com
455,,Calcium nitrate ,Chemical cabinet 663,7270780,bdbiosciences.com
456,,Calcium nitrate tetrahydrate,Chemical cabinet 663,423535000,fishersci.com
457,,Carbenicillin disodium salt,Chemical drawer and fridge 663,C0283-25G,sigmaaldrich.com
458,,Carbonate-bicarbonare buffer,Chemical drawer 663,C3041-50CAP,sigmaaldrich.com
459,,Casamino acids ,Chemical cabinet 663,J851-500G,us.vwr.com
460,,Casein from bovine milk,Chemical cabinet 663,C7070-500G,sigmaaldrich.com
461,,Casitone bacto,Chemical cabinet 663,225930,bdbiosciences.com
462,,Catalase from bovine liver,Side -20 663,C1345-1G,sigmaaldrich.com
463,,Cefaclor,Fridge back and side -20 663,C6895-100MG,sigmaaldrich.com
464,,Cefoperazone sodium salt ,Fridge 663,C4292-5G,sigmaaldrich.com
465,,Ceftriaxone disodium salt hemi(heptahydrate),Fridge 663,C2226,tcichemicals.com
466,D-(+)-,Cellobiose,Chemical cabinet and fume hood 663,C7252-100G,sigmaaldrich.com
467,,Chloramphenicol,Chemical drawer 663,C-0378,sigmaaldrich.com
468,,Chloric acid sodium salt,Chemical drawer 663,229101-50G,emdmillipore.com
469,,Chloroform,607 Fume hood,C298-500,fishersci.com
470,(±)-,Chlorpheninamine maleate,Chemical drawer 663,C3025-5G,sigmaaldrich.com
471,,Cholesterol,Chemical cabinet and Hood 663,F676-05,avantornic.com
472,,Choline chloride,Chemical drawer 663,C7017-25G,sigmaaldrich.com
473,,Ciprofloxacin,Chemical drawer 663,17850-5G-F,sigmaaldrich.com
474,,Citric acid anhydrous,Chemical cabinet 663,BP339-500,fishersci.com
475,,Clindamycin phosphate,Fridge 663,C2257,tcichemicals.com
476,,Clostridien agar,Chemical cabinet 663,V376110,emdmillipore.com
477,,Cobalt (II) chloride hexahydrate,Chemical drawer 663,C8661-25G,sigmaaldrich.com
478,,Colistin sulfate,Fridge 663,00068,chemimplex.com
479,,Columbia agar MLT,Chemical cabinet 663,R45412,remel.com
480,,Columbia blood agar,Chemical cabinet 663,CM0331,thermofisher.com
481,,Columbia broth,Chemical drawer 663,274420,bdbiosciences.com
482,,Copper (II) chloride,Chemical drawer 663,203149-10G,sigmaaldrich.com
483,,Copper (II) sulfate pentahydrate,Chemical drawer 663,203009A,southernbiotech.com
484,D-(+)-,Cycloserine,Fridge 663,00618,chemimpex.com
485,L-,Cysteine,Chemical drawer 663,C7352-100F,sigmaaldrich.com
486,L-,Cysteine HCl anhydrous,Chemical drawer 663,C1267-50G,sigmaaldrich.com
487,,Cytarabine,Fridge 663,1162002,sigmaaldrich.com
488,  ,Cytidine,Chemical drawer fridge 663,C4654-1G,sigmaaldrich.com
489,,Cytidine 3 monophosphate,Side -20 663,C-1133,sigmaaldrich.com
490,,Cytidine 5 monophosphate,Side -20 663,C131-1G,sigmaaldrich.com
491,,Dantrolene sodium salt,Chemical drawer 663,D9175-100MG,sigmaaldrich.com
492,,Daptomycin,Side -20 663,D2446-1MG,sigmaaldrich.com
493,,Decanal,Fridge 663,D7384-25G,sigmaaldrich.com
494,,Decoyinine,Fridge 663,A-230,biomol.com
495,,Denatonium benzoate,Chemical drawer 663,D5765-5G,sigmaaldrich.com
496,,Deoxycholic acid minimum 99%,Chemical cabinet 663,D2510-100G,sigmaaldrich.com
497,,Deoxyribonuclease,Back freezer 663,DN25-1G,sigmaaldrich.com
498,2 -,Deoxyridine 5 monophosphate disodium salt,Back -20 663,D3876-100MG,sigmaaldrich.com
499,,Dextrose anhydrous,Large chemical cabinet and fume hood 663,BP350-1,fishersci.com
500,,Dihydrofolic acid dyhydrate,Back -20 663,271462-25MG,sigmaaldrich.com
501,56-,Dimethylbenzimidazole,Chemical cabinet 663,D147206-25G,sigmaaldrich.com
502,2-4,Dinitrophenyihydrazine,Chemical drawer 663,D199303-25G,sigmaaldrich.com
503,,Dithiothreitol (DTT),Fridge and back -20 663,F780-02,avantornic.com
504,,DNA from herring sperm,Fridge 663,D3159-10G,sigmaaldrich.com
505,,Dodecanoic acid,Jenny's bench 663,A11672,alfa.com
506,,EDTA disodium salt dihydrate,Chemical cabinet 663,15576-028,thermofisher.com
507,,EGTA,Chemical cabinet and drawer 663,0732-100G,us.vwr.com
508,,Elliker broth,Chemical cabinet 663,212183,bdbiosciences.com
509,,Enrofloaxin,Chemical drawer 663,17849,sigmaaldrich.com
510,,Enterococcosel agar,Fridge 607,212205,bdbiosciences.com
511,,Enterococcosel broth,Annie's Bench 663,212207,bdbiosciences.com
512,,Epinephrine,Fridge 663,E1635-5G,sigmaaldrich.com
513,,Erythromycin,Chemical drawer 663,BP920-25,fishersci.com
514,β-,Estradiol,Chemical drawer 663,E2758-250MG,sigmaaldrich.com
515,,Ethanol,Everywhere,64-17-5,deconlabs.com
516,,Ethidium bromide,Chemical drawer 663,00666,chemimpex.com
517,,Ethyl methane sulfonate,Fridge 663,M0880-25MG,sigmaaldrich.com
518,,Ferric chloride anhydrous,Chemical cabinet 663,I72-500,fishersci.com
519,,Ferrous sulfate,Chemical cabinet 663,I-146,fishersci.com
520,,Flumequine,Chemical drawer 663,F7016-16,sigmaaldrich.com
521,5-,Fluorouracil,Chemical drawer 663,F6627-5G,sigmaaldrich.com
522,5-,Fluorouridine,Chemical drawer 663,F5130-100MG,sigmaaldrich.com
523,,Folic Acid,Chemical drawer and fume hood 663,BP25195,fishersci.com
524,D(-),Fructose,Chemical cabinet and fume hood 663,L95-500,fishersci.com
525,L-,Fucose,Chemical drawer and fume hood 663,F2525-5G,sigmaaldrich.com
526,,Fusidic acid sodium salt,Fridge 663,F0881-1G,sigmaaldrich.com
527,N-acetyl-D-,Galactosamine,Fridge 663,A2795-100MG,sigmaaldrich.com
528,D(+),Galactose,Chemical cabinet and fume hood 663,G0625-500G,sigmaaldrich.com
529,D-(+),Galactose minimum,Chemical drawer 663,G0750-10G,sigmaaldrich.com
530,,Gelatin from bovine skin,Chemical cabinet 663,G9382-100G,sigmaaldrich.com
531,,Gelatin from porcine skin type a,Chemical drawer 663,G2500-100G,sigmaaldrich.com
532,,Gentomycin sulfate,Fridge 663,455310010,fishersci.com
533,N-acetyl-D-,Glucosamine ,Side -20 663,A3286-5G,sigmaaldrich.com
534,D-,Glucose 6 phosphate disodium salt hydrate,Back -20 663,100312,mpbio.com
535,D-,Glucuronic acid,Chemical drawer 663,G5269-10G,sigmaaldrich.com
536,L-,Glutamic acid,Chemicasl drawer 663,G1251-100G,sigmaaldrich.com
537,L-,Glutamic acid monosodium salt hydrate,Chemical cabinet 663,G1626-500G,sigmaaldrich.com
538,L-,Glutamine,Chemical drawer and fume hood 663,BP379-100,fishersci.com
539,,Glutaraldehyde solution,Back -20 663,G5882-100ML,sigmaaldrich.com
540,L-,Glutathione oxidized,Side -20 663,G4626-100MG,sigmaaldrich.com
541,L-,Glutathione reduced,Back -20 663,G4251-100G,sigmaaldrich.com
542,,Glycerol,Chemical cabinet and Armando's bench 663,G22020-1.0,rpicorp.com
543,B-,Glycerophosphate disodium salt hydrate,Chemical cabinet 663,C9422-100G,sigmaaldrich.com
544,,Glycine,Chemical cabinet Fume hood and large chemical cabinet 663,G7126-500G,sigmaaldrich.com
545,Ultra Pure,Guanidine hydrochloride,Chemical cabinet 663,15502-016,thermofisher.com
546,,Guanidine thiocyanate solution,Chemical drawer 663,50983-50ML,sigmaaldrich.com
547,,Guanine HCl,Chemical drawer 663,411120250,fishersci.com
548,,Guanosine 5 8 thio triphosphate tetralithium salt,Chemical cabinet 663,G8634,sigmaaldrich.com
549,,Guanosine 5 diphosphate,Side -20 663,G727-100MG,sigmaaldrich.com
550,,Guar gum,chemical cabinet,G9008-100G,aquasolutions.org
551,,Hemin,Fridge 663,H651-9,frontierscience.com
552,,HEPES,Chemical cabinet 663,H3375-100G,sigmaaldrich.com
553,,HEPES buffer,Fridge 663,H0887,sigmaaldrich.com
554,L-,Histidine,Chemical drawer and fume hood 663,A10413,alfa.com
555,,Hydroxylamine hydrochloride,Chemical drawer 663,HX0770-2,emdmillipore.com
556,trans-4-,Hydroxyl L proline,Chemical drawer 663,121700250,fishersci.com
557,p-,Hydroxyphenyl acetic acid,Chemical cabinet 663,H-4377,sigmaaldrich.com
558,,Hydroxyurea,Fridge 663,H8671G,sigmaaldrich.com
559,,Imidazole,Chemical cabinet 663,I0125-100G,sigmaaldrich.com
560,,Indomethacin,Chemical drawer 663,I7378-5G,sigmaaldrich.com
561,,Inosine,Chemical drawer 663,I4125-5G,sigmaaldrich.com
562,,Inulin,Chemical cabinet and fume hood 663,A18425,alfa.com
563,,Inulin from dahlia tubers,Chemical cabinet 663,13754-25G,sigmaaldrich.com
564,,Iodoacetamide,Fridge and side -20 663,16125-5G,sigmaaldrich.com
565,,Iron (II) chloride,Chemical drawer 663,372870-25,sigmaaldrich.com
566,,Iron (II) sulfate heptahydrate,Chemical cabinet 663,F7002-250G,sigmaaldrich.com
567,L,Isoleucine,Chemical drawer and fume hood 663,I2752-25G,sigmaaldrich.com
568,,Isopropyl B D thiogalactopyranoside,Side -20 663,CI8280-13,denvillescientific.com
569,,Kanamycin sulfate,Chemical drawer and fridge 663,0408-10G,us.vwr.com
570,,Kasugamycin,Fridge 663,K-4013,sigmaaldrich.com
571,,Kethoxal,Side -20 663,17930,usbweb.com
572,L-(+)-,Lactic acid solution 30% in water by weight,Fridge 663,L1875-100ML,sigmaaldrich.com
573,,Lactobacilli MRS agar,Fridge 663 Fridge 607,7543B,hardydiagnostics.com
574,,Lactobacilli MRS broth,Fridge 663 Fridge 607,288110,bdbiosciences.com
575,,Lactose,Chemical cabinet 663,215620,bdbiosciences.com
576,,Lechithin,Jenny's bench 663,36486,alfa.com
577,L-,Leucine,Chemical drawer and fume hood 663,L8000-25G,sigmaaldrich.com
578,,Lincomycin HCl,Side -20 663,1657-1G,sigmaaldrich.com
579,(±)-α-,Lipoic acid,Chemical drawer 663,T5625-1G,sigmaaldrich.com
580,,Lithium acetate,Chemical cabinet 663,517992-100G,sigmaaldrich.com
581,,Lithium chloride,Chemical cabinet 663,2370-01,avantornic.com
582,Difco,Luria agar base miller,Annie's bench 607,241320,bdbiociences.com
583,L,Lysine hydrate,Fume hood 663,282677-25G,sigmaaldrich.com
584,L(+)-,Lysine monohydrochloride,Chemical cabinet and drawer 663,125222500,fishersci.com
585,,Lysozyme,Back -20 663,L6876-1G,sigmaaldrich.com
586,,Lyticase from arthrobacter luteus,Fridge 663,L5163-25KG,sigmaaldrich.com
587,,M17 broth,Chemical cabinet 663,218561,bdbiosciences.com
588,,MacConkey agar,Chemical cabinet 663,212123,bdbiosciences.com
589,,MacConkey agar base,Chemical cabinet 663,281810,bdbiosciences.com
590,,MacConkey broth,Chemical cabinet 663,V343296,emdmillipore.com
591,,Magnesium acetate tetrahydrate,Chemical cabinet 663,M0631-200G,sigmaaldrich.com
592,,Magnesium chloride,Chemical cabinet 663,BPH0244-500G,us.vwr.com
593,,Magnesium sulfate,Chemcial cabinet 663,BP213-1,fisherci.com
594,,Magnesium sulfate heptahydrate,Chemical drawrer and fume hood 663,423900250,fishersci.com
595,,Malachite green oxalate salt,Chemical drawer 663,M6880-25G,sigmaaldrich.com
596,,Maltodextrin,Chemical cabinet and Armondo's Bench 663,419672-100G,sigmaaldrich.com
597,D-(+),Maltose monohydrate,Chemical cabinet and fume hood 663,A16266,alfa.com
598,,Manganese (II) chloride tetrahydrate,Chemical cabinet 663,205895000,fishersci.com
599,,Manganese (II) sulfate monohydrate,Fridge 663,221287-100G,sigmaaldrich.com
600,,Manganese (II) sulfate tetrahydrate,Chemical cabinet and drawer 663,11596,alfa.com
601,D-,Mannitol,Large chemica cabinet 663,M4125-1KG,sigmaaldrich.com
602,D-(+),Mannose,Chemical drawer 663,M6020-25G,sigmaaldrich.com
603,,Meat extract ,Fume hood 663,70164-100G,sigmaaldrich.com
604,,Menadione,Chemical drawer and fume hood663,460-007-G010,enzolifesciences.com
605,2-,Mercaptoethanol,607 Fume hood,125470100,fishersci.com
606,,MES hydrate,Chemical cabinet 663,M8250-250G,sigmaaldrich.com
607,,Methanol,Fridge 607,A402-1,fishersci.com
608,L-,Methionine,Chemical cabinet drawer Fume hood and Fridge 663,BP388-100,fishersci.com
609,,Methyl a D glucopyranoside,Chemical cabinet 663,M9376-100G,sigmaaldrich.com
610,4-,Methylumbelliferyl beta D glucuronide,Fridge 663,M9130-25MG,sigmaadrich.com
611,,Metronidazole,Fridge 663,210340050,fishersci.com
612,,Minimal salts 5x,Chemical cabinet 663,248510,bdbiosciencs.com
613,,MOPS,Annie's bench 607,M1234-250G,sigmaaldrich.com
614,,Mucic acid,Fume hood 663,M89617-100G,sigmaaldrich.com
615,,Mucin from porcine stomach,Fridge 663,M2378-100G,sigmaaldrich.com
616,,Muscimol,Fridge 663,M1523-5MG,sigmaaldrich.com
617,,Nalidixic acid,Chemical drawer 663,N8878-5G,sigmaaldrich.com
618,,Nalidixic acid sodium salt,Chemical drawer 663,N4382-5G,sigmaaldrich.com
619,,Neutralization buffer,Fridge 663,D4036-240,zhymoreresearch.com
620,,Nickel (II) chloride,Chemical drawer 663,223387-25G,sigmaaldrich.com
621,,Nicotinamide,Chemical cabinet 663,N0636-100G,sigmaaldrich.com
622,,Nicotinic acid,Chemical drawer 663,128290050,fishersci.com
623,,Nisin from lactococcus lactis,Fridge 663,N5764-5G,sigmaaldrich.com
624,,Nitrilotriacetic acid,Chemical cabinet 663 ,A11936,alfa.com
625,2-,Nitrophenyl beta D galactopyranoside,Side -20 663,N1127-25MG,sigmaaldrich.com
626,4-,Nitrophenyl beta D glucoranide,Side -20 663,N1627-250MG,sigmaaldrich.com
627,,Novobiocin sodium salt,Fridge 663,491207,calbiochem.com
628,,Nutrient broth difco,Chemical cabinet 663,234000,bdbiosciences.com
629,N-alpha-p-tosyl-L-,Arginine methyl ester hydrochloride,Side -20 663,T4626-5G,sigmaaldrich.com
630,,Ofloxacin,Fridge 663,O87571G,sigmaaldrich.com
631,,Oleic acid,Fume hood 661,O0180,tcichemicals.com
632,,Orotic acid,Chemical cabinet and drawer 663,02575-100G,sigmaaldrich.com
633,,Palmitic acid,chemical drawer 663,P0500-10G,sigmaaldrich.com
634,,Pancreatin from porcine pancreas,Side -20 663,T626-5G,sigmaaldrich.com
635,(+),Pantothenic acid calcium salt hydrate,chemical drawer 663,259721-5G,sigmaaldrich.com
636,D-,Pantothenic acid hemi calcium salt,Fridge 663,P-2250,sigmaaldrich.com
637,,Pectin from apple,chemical drawer 663,76282-100G,sigmaaldrich.com
638,,Pepsin from porcine gastric mucsa,Side -20 663,P6887-1G,sigmaaldrich.com
639,,Peptone 140,Chemical cabinet 663,J849-500G,us.vwr.com
640,,Peptone from casein pancreatic digest,Chemical cabinet and Armando's bench 663,70169-500G,sigmaaldrich.com
641,110-,Phenanthroline,Chemical drawer 663,131377-5G,simgaaldrich.com
642,L-,Phenylalanine,Chemical cabinet and drawer and fume hoof 663,BP391-100,fishersci.com
643,,Polyethylene glycol,Chemical cabinet 663,P5402-500G,sigmaaldrich.com
644,,Polygalacturonic acid ,Chemical drawer 663,L04206,alfa.com
645,,Ponceau S,Chemical drawer 663,P3504-10G,sigmaaldrich.com
646,,Potassium acetate,Chemical cabinet 663,BP364-500,fishersci.com
647,,Potassium carbonate,Chemical cabinet 663,209619-500G,sigmaaldrich.com
648,,Potassium chloride,Chemical cabinet 663,P5605-500G,sigmaaldrich.com
649,,Potassium cyanide,Chemical drawer 663,60178-52G,sigmaaldrich.com
650,,Potassium hydroxide,Chemical cabinet 663,314-01,avantornic.com
651,,Potassium phosphate dibasic,Chemical cabinet and fume hood 663,0705-500G,us.vwr.com
652,,Potassium phosphate monobasic,Chemical cabinet and fume hood 663,BP362-500,fishersci.com
653,,Potassium tetraborate tetrahydrate,Chemical cabinet 663,39435,alfa.com
654,,Potassium L aspartate,Chemical cabinet 663,P22450,pfaltzandbauer.com
655,,Potato dextrose agar,Chemical cabinet 663,P2182-250G,sigmaaldrich.com
656,,Power bead solution,Jenny's bench 663,157033243,qiagen.com
657,L-,Proline,Chemical drawer and fume hood 663,P0380-100G,sigmaaldrich.com
658,,Proteinase K,Side -20 663,P2038-100MG,sigmaaldrich.com
659,,Proteose peptone number 3 bacto,Chemical cabinet 663,211693500G,bdbiosciences.com
660,,Pyridoxal 5 phosphate,Side -20 663,P9255-5G,sigmaaldrich.com
661,,Pyridoxal HCl,Side -20 663,P6155-5G,sigmaaldrich.com
662,,Pyridoxamine dihydrochloride,Chemical drawer 663,P9380-1G,sigmaaldrich.com
663,,Pyridoxine HCl,Chemical drawer 663,P-9755,sigmaaldrich.com
664,,Quercentin dihyrdrate,Chemical drawer 663,21000,usbweb.com
665,D-(+),Raffinose pentahydrate,Chemical cabinet 663,R0250-25G,sigmaaldrich.com
666,,Reinforced clostridial medium,Chemical cabinet 663,218081,bdbiosciences.com
667,,Resazurin sodium salt,Chemical drawer 663,R7017-1G,sigmaaldrich.com
668,(-),Riboflavin,Chemical cabinet fume hood 663,P9504-25G,sigmaaldrich.com
669,,Riboflavin 5 phosphate sodium salt hydrate,Side -20 663,R7704-25G,sigmaaldrich.com
670,D-(-),Ribose,Chemical drawer 663,R9629-25G,sigmaaldrich.com
671,,Rifampicin,Side -20 663,R3501-5G,sigmaaldrich.com
672,,Rubidium chloride,Chemical drawer and fridge 663,12892,alfa.com
673,,Saccarin sodium,Chemical cabinet 663,S394-500,fishersci.com
674,L-,Serine,Chemical drawer and fume hood 663,S4500-100G,sigmaaldrich.com
675,DL-,Serine hydroxamate,Side -20 663,S4503-250MG,sigmaaldrich.com
676,,Silver sulfate,Chemical drawer 663,11417,alfa.com
677,,Skim milk,Fridge 663,6342932,bdbiosciences.com
678,,SOB medium,Annie's bench 607,244310,bdbiosciences.com
679,,Sodium acetate anhydrous,Chemical cabinet 663,A13184,alfa.com
680,,Sodium azide,Chemical cabinet and drawer 663,S5761-500G,sigmaaldrich.com
681,,Sodium bicarbonate,Chemical cabinet Fume hood Large chemical cabinet and Armando's bench 663,BP357-1,fishersci.com
682,,Sodium chloride,Chemical cabinet Fume hood and large chemical cabinet 663 and Annie's bench 607,S7653-1KG,sigmaadrich.com
683,,Sodium chloride crystal,Annie's bench 607,3654-05,avantornic.com
684,,Sodium citrate dihydrate,Chemical cabinet 663,3646-01,avantornic.com
685,,Sodium deoxycholate,Chemical drawer 663,D6750-25G,sigmaadrich.com
686,,Sodium dodecyl sulfate (SDS),Chemical cabinet and large cabinet 663,BP166-500,fishersci.com
687,,Sodium fluoride,Chemical cabinet 663,11561,alfa.com
688,,Sodium formate,Chemical cabinet and drawer 663,71539,sigmaadrich.com
689,,Sodium glycochenodeoxycholate,Chemical drawer 663,G0759-500MG,alfa.com
690,,Sodium glycocholate hydrate,Chemical drawer 663,G7132-1G,sigmaaldrich.com
691,,Sodium glycodeoxycholate,Chemical drawer 663,G9910-1G,sigmaaldrich.com
692,,Sodium hydroxide,Large chemical cabinet 663,7708.06,avantormaterials.com
693,,Sodium L tartrate dibasic dihydrate,Chemical cabinet 663,33242,alfa.com
694,,Sodium molybdate dihydrate,Chemical drawer 663,331058-5G,sigmaaldrich.com
695,,Sodium nitrate,Chemical cabinet 663,S343-500,fishersci.com
696,,Sodium nitrite,Chemical cabinet 663,237213-100G,sigmaaldrich.com
697,,Sodium n octyl sulfate,Chemical drawer 663,A11786,alfa.com
698,1-4,Sodium phosphate dibasic anhydrous,Chemical cabinet 663,3828-01,avantornic.com
699,,Sodium phosphate monobasic monohydrate,Large chemical cabinet and chemical 663,0832-1KG,us.vwr.com
700,,Sodium polyphosphate,Chemical cabinet 663,390432500,fishersci.com
701,,Sodium pyrophosphate 10 hydrate,Chemical cabinet 663,3850-0,avantornic.com
702,,Sodium selenite,Chemical drawer 663,S5261-10G,sigmaaldrich.com
703,,Sodium succinate dibasic hexahydrate,Chemical cabinet 663,S2378-100G,sigmaaldrich.com
704,,Sodium sulfate ,Fume hood 663,239313-500G,sigmaaldrich.com
705,,Sodium sulfide nonahydrate,Fridge 663,208043-5G,sigmaaldrich.com
706,,Sodium sulfite anhydrous,Chemical cabinet 663,71989,sigmaaldrich.com
707,,Sodium taurochenodeoxycholate,Chemical drawer 663,T6260-250MG,sigmaaldrich.com
708,,Sodium taurochenodeoxycholate hydrate,Chemical drawer 663,T0875-1G,sigmaaldrich.com
709,,Sodium taurocholate,Chemical cabinet 663,CR011-500G,himedialabs.com
710,,Sodium taurodeoxycholate ,Chemical drawer 663,T6260-1G,sigmaaldrich.com
711,,Sodium tetraborate decahydrate,Large chemical cabinet 663,B9876-1KG,sigmaaldrich.com
712,,Sodium thioglycolate,Back -20 663,T0632-25G,sigmaaldrich.com
713,,Sodium tungstate dihydrate,Chemical drawer 663,14304-100G,sigmaaldrich.com
714,,Solution C1,Jenny's bench 663,157030108,qiagen.com
715,,Solution C2,Jenny's bench 663,157026483,qiagen.com
716,,Solution C4,Jenny's bench 663,157027379,qiagen.com
717,,Solution C5,Jenny's bench 663,R1663,mobio.com
718,,Solution C6,Jenny's bench 663,157026428,qiagen.com
719,D-,Sorbitol,Chemical cabinet 663,S3889-500G,sigmaaldrich.com
720,,Special peptone,Chemical cabinet 663,LP0072,thermofisher.com
721,,Spectinomycin dihydrochloride pentahydrate,Fridge 663,152067,mpbio.com
722,,Staphlococcus agar number 110,Large chemical cabinet 663,M156-2.5KG,himedialabs.com
723,,Starch,Chemcial cabinet and fume hood 663,S9765-100G,sigmaaldrich.com
724,,Steric acid,Jenny's bench 663,A12244,alfa.com
725,,Streptomycin sulfate salt,Fridge 663,S6501-25G,sigmaaldrich.com
726,,Succinic acid,Chemical cabinet 663,S-9512,sigmaaldrich.com
727,,Sucralose,Chemical cabinet 663,S3437,spectrumchemical.com
728,,Sucrose,Chemical cabinet 663,177140010,fishersci.com
729,,Sulfanilamide,Chemical cabinet 663,S9251-100G,sigmaaldrich.com
730,,Taurine,Chemical cabinet 663,T0625-100G,sigmaaldrich.com
731,,Taurocholic acid sodium salt hydrate,Chemical cabinet 663,4009-100G,sigmaaldrich.com
732,,TC lactalbumin hydrolysate,Armando's bench 663,259962,bdbiosciences.com
733,,Terrific broth,Chemical cabinet 663,BP2468-100,fishersci.com
734,,Tertradecanoic acid,Jenny's bench 663,A12067,alfa.com
735,,Tetraacetic acid,Chemical cabinet 663,02783-100,fishersci.com
736,,Tetrachloroisophthalonitrile,Jeff 607,1897-45-6,sigmaaldrich.com
737,,Tetracycline hydrochloride,Chemical drawer and back -20 663,58346,emdmillipore.com
738,,Thermolysin,Side -20 663,P1512-25MG,sigmaaldrich.com
739,,Thiamine hydrochloride,Chemical cabinet 663,Bp92-100,fishersci.com
740,,Thiamine hydrochloride hydrate,Fume hood 663,T0181,tcichemicals.com
741,,Thiamine pyrophosphate,Side -20 663,C8754-25G,sigmaaldrich.com
742,,Thiamphenicol,Chemical drawer 663,156846 ,mpbio.com
743,DL-,Threonine,Chemical drawer 663,103050,mpbio.com
744,,Thymidine,Chemical drawer Fridge and Back -20 663,T9250-5G,sigmaaldrich.com
745,,Trehalose 6  phosphate dipotassium salt,Side -20 663,T4272-25G,sigmaaldrich.com
746,,Trehalose dihydrate,Chemical drawer 663,625625-50GM,emdmillipore.com
747,,Tricine,Chemical cabinet 663,T5816-1006,sigmaaldrich.com
748,,Tricine buffer,Fridge 607,161-0744,bio-rad.com
749,,Tris base ultrapure,Large chemical cabinet 663,T60040-1000.0,rpicorp.com
750,,Tris hydrochloride,Chemical cabinet 663,15506-017,thermofisher.com
751,,Tris,Chemical cabinet 663,049-500G,us.vwr.com
752,,Triton X 100,Chemical cabinet 663,t8787-250ML,sigmaaldrich.com
753,,Trypsin,Back -20 663,T4799-5G,sigmaaldrich.com
754,,Tryptic soy broth,Annie's bench 607,211825,bdbiosciences.com
755,,Trypticase peptone,Chemical cabinet 663,211921,bdbiosciences.com
756,,Tryptone bacto,Chemical cabinet 663,211705,bdbiosciences.com
757,L-(-),Tryptophan,Chemical drawer and fume hood 663,140590251,fishersci.com
758,,Tryptose blood agar base,Chemical cabinet 663,223220,bdbiosciences.com
759,,Tween 20,Chemical cabinet 663 and Nakil's bench 607,0777-1L,us.vwr.com
760,,Tween 80,Chemical cabinet 663,0442-1L,us.vwr.com
761,L-,Tyrosine,Chemical drawer Fume hood and Large chemical cabinet 663,T3754-50G,sigmaaldrich.com
762,,Uracil,Chemical drawer 663,U1128-25G,sigmaaldrich.com
763,,Urea,chemical cabinet 663,8648,mallinckrodt.com
764,,Uridine,Chemical drawer 663,U3003-5G,sigmaaldrich.com
765,Cis-,Vaccenic acid,Side -20 663,103223,mpbio.com
766,L-,Valine,Chemical drawer and fume hood 663,A12770,alfa.com
767,,Vancomycin,Fridge 663,BP2958-1,fishersci.com
768,,Vancomycin hydrochloride,Fridge 663,J62790,alfa.com
769,,Vitamin B12,Frdige 663,V2876-1G,sigmaaldrich.com
770,,Vitamin K1,Fridge 663,V3501-5G,sigmaaldrich.com
771,,Wilkins chalgren anaerobic agar,Chemical cabinet 663,CMK0619,thermofisher.com
772,,Xanthine,Chemical drawer 663,X737510,sigmaaldrich.com
773,,X-gal powder,Fridge 663,C-5687-1G,bioexpress.com
774,,Xylan,Chemical drawer 663,X0064,tcichemicals.com
775,,Xylene cyanole f.f.,Chemical drawer 663,806801,mpbio.com
776,D-(+),Xylose,Chemical cabinet 663,X0019,tcichemicals.com
777,,Yeast extract bacto,Chemical cabinet 663 and Annies' bench 607,BP1422-500,fishersci.com
778,,Yeast nitrogen base without amino acids,Chemical cabinet 663,291940,bdbiosciences.com
779,,Zinc acetate dihydrate,Chemical cabinet 663,3658-500G,sigmaaldrich.com
780,,Zinc chloride,Chemical cabinet 663,208056-100G,sigmaaldrich.com
781,,Zinc sulfate heptahydrate,Chemical drawer 663,24750-100G,sigmaaldrich.com
